{"app":["/app-dbb77c5e92296484d7e8.js"],"component---src-pages-404-js":["/component---src-pages-404-js-3a8f6ed34474b868447b.js"],"component---src-pages-about-js":["/component---src-pages-about-js-accbb9d6c492870d1ffd.js"],"component---src-pages-expertise-commercial-js":["/component---src-pages-expertise-commercial-js-70987ec1fe32d4b9ed77.js"],"component---src-pages-expertise-energy-js":["/component---src-pages-expertise-energy-js-4eb4606a71407f481fac.js"],"component---src-pages-expertise-index-js":["/component---src-pages-expertise-index-js-56968a1a4fa527ec3d92.js"],"component---src-pages-expertise-realestate-js":["/component---src-pages-expertise-realestate-js-4cceddd55a1f65979130.js"],"component---src-pages-expertise-wills-js":["/component---src-pages-expertise-wills-js-e05471e36a957c019c0f.js"],"component---src-pages-index-js":["/component---src-pages-index-js-37632869ea8ac52ffa33.js"]}