{"errors":[],"warnings":[],"namedChunkGroups":{"app":{"chunks":[10,0,1],"assets":["webpack-runtime-c4dfed8f0060d381d9d8.js","webpack-runtime-c4dfed8f0060d381d9d8.js.map","commons.09bf48667a037aa6c3c1.css","commons-0db1db9f0de162fe67f2.js","commons-0db1db9f0de162fe67f2.js.map","app-dbb77c5e92296484d7e8.js","app-dbb77c5e92296484d7e8.js.map"],"children":{},"childAssets":{}},"component---src-pages-404-js":{"chunks":[0,2],"assets":["commons.09bf48667a037aa6c3c1.css","commons-0db1db9f0de162fe67f2.js","commons-0db1db9f0de162fe67f2.js.map","component---src-pages-404-js-3a8f6ed34474b868447b.js","component---src-pages-404-js-3a8f6ed34474b868447b.js.map"],"children":{},"childAssets":{}},"component---src-pages-about-js":{"chunks":[0,3],"assets":["commons.09bf48667a037aa6c3c1.css","commons-0db1db9f0de162fe67f2.js","commons-0db1db9f0de162fe67f2.js.map","component---src-pages-about-js-accbb9d6c492870d1ffd.js","component---src-pages-about-js-accbb9d6c492870d1ffd.js.map"],"children":{},"childAssets":{}},"component---src-pages-expertise-commercial-js":{"chunks":[0,4],"assets":["commons.09bf48667a037aa6c3c1.css","commons-0db1db9f0de162fe67f2.js","commons-0db1db9f0de162fe67f2.js.map","component---src-pages-expertise-commercial-js-70987ec1fe32d4b9ed77.js","component---src-pages-expertise-commercial-js-70987ec1fe32d4b9ed77.js.map"],"children":{},"childAssets":{}},"component---src-pages-expertise-energy-js":{"chunks":[0,5],"assets":["commons.09bf48667a037aa6c3c1.css","commons-0db1db9f0de162fe67f2.js","commons-0db1db9f0de162fe67f2.js.map","component---src-pages-expertise-energy-js-4eb4606a71407f481fac.js","component---src-pages-expertise-energy-js-4eb4606a71407f481fac.js.map"],"children":{},"childAssets":{}},"component---src-pages-expertise-index-js":{"chunks":[0,6],"assets":["commons.09bf48667a037aa6c3c1.css","commons-0db1db9f0de162fe67f2.js","commons-0db1db9f0de162fe67f2.js.map","component---src-pages-expertise-index-js-56968a1a4fa527ec3d92.js","component---src-pages-expertise-index-js-56968a1a4fa527ec3d92.js.map"],"children":{},"childAssets":{}},"component---src-pages-expertise-realestate-js":{"chunks":[0,7],"assets":["commons.09bf48667a037aa6c3c1.css","commons-0db1db9f0de162fe67f2.js","commons-0db1db9f0de162fe67f2.js.map","component---src-pages-expertise-realestate-js-4cceddd55a1f65979130.js","component---src-pages-expertise-realestate-js-4cceddd55a1f65979130.js.map"],"children":{},"childAssets":{}},"component---src-pages-expertise-wills-js":{"chunks":[0,8],"assets":["commons.09bf48667a037aa6c3c1.css","commons-0db1db9f0de162fe67f2.js","commons-0db1db9f0de162fe67f2.js.map","component---src-pages-expertise-wills-js-e05471e36a957c019c0f.js","component---src-pages-expertise-wills-js-e05471e36a957c019c0f.js.map"],"children":{},"childAssets":{}},"component---src-pages-index-js":{"chunks":[0,9],"assets":["commons.09bf48667a037aa6c3c1.css","commons-0db1db9f0de162fe67f2.js","commons-0db1db9f0de162fe67f2.js.map","component---src-pages-index-js-37632869ea8ac52ffa33.js","component---src-pages-index-js-37632869ea8ac52ffa33.js.map"],"children":{},"childAssets":{}}},"assetsByChunkName":{"app":["webpack-runtime-c4dfed8f0060d381d9d8.js","commons.09bf48667a037aa6c3c1.css","commons-0db1db9f0de162fe67f2.js","app-dbb77c5e92296484d7e8.js"],"component---src-pages-404-js":["commons.09bf48667a037aa6c3c1.css","commons-0db1db9f0de162fe67f2.js","component---src-pages-404-js-3a8f6ed34474b868447b.js"],"component---src-pages-about-js":["commons.09bf48667a037aa6c3c1.css","commons-0db1db9f0de162fe67f2.js","component---src-pages-about-js-accbb9d6c492870d1ffd.js"],"component---src-pages-expertise-commercial-js":["commons.09bf48667a037aa6c3c1.css","commons-0db1db9f0de162fe67f2.js","component---src-pages-expertise-commercial-js-70987ec1fe32d4b9ed77.js"],"component---src-pages-expertise-energy-js":["commons.09bf48667a037aa6c3c1.css","commons-0db1db9f0de162fe67f2.js","component---src-pages-expertise-energy-js-4eb4606a71407f481fac.js"],"component---src-pages-expertise-index-js":["commons.09bf48667a037aa6c3c1.css","commons-0db1db9f0de162fe67f2.js","component---src-pages-expertise-index-js-56968a1a4fa527ec3d92.js"],"component---src-pages-expertise-realestate-js":["commons.09bf48667a037aa6c3c1.css","commons-0db1db9f0de162fe67f2.js","component---src-pages-expertise-realestate-js-4cceddd55a1f65979130.js"],"component---src-pages-expertise-wills-js":["commons.09bf48667a037aa6c3c1.css","commons-0db1db9f0de162fe67f2.js","component---src-pages-expertise-wills-js-e05471e36a957c019c0f.js"],"component---src-pages-index-js":["commons.09bf48667a037aa6c3c1.css","commons-0db1db9f0de162fe67f2.js","component---src-pages-index-js-37632869ea8ac52ffa33.js"]}}